pillar,image_type,title,output_filename,dimensions,scene_prompt,palette,composition
Cities,Featured Capability,Public Works Coordination,cap-cities-coordination.png,800x600,"Systems Shot: Cinematic documentary photograph of a municipal public-works coordination room in a mid-size Latin American city. Multiple feeds converge on one shared common-operating-picture wall display: a live GIS street map, traffic sensor counts, utility status, and citizen 311 reports flowing into a single unified view. A few operators seen from behind at curved desks, no faces, working calmly together. Natural daylight from high windows mixing with warm interior lighting and the soft glow of screens. Evidence of cross-department collaboration on the desks. The mood is purposeful and optimistic, systems working together. Shot on 50mm lens, f/2.8 aperture. Kodak Portra 800 film stock. Warm analog color palette, forest green (#0f4c3a) shadows, Cyber Emerald (#00D1B2) on active data flows. Fine organic film grain. Natural vignetting. Editorial documentary quality. The image feels like a city finally seeing itself in one picture. No typography, no logos, no words, no lettering of any kind, no identifiable human faces.","forest green (#0f4c3a) shadows; Cyber Emerald (#00D1B2) data flows","Operator desks foreground left; shared common-operating-picture wall display background right; figures from behind"
Cities,Featured Capability,Infrastructure Risk Prioritization,cap-cities-risk.png,800x600,"Systems Shot: Cinematic documentary photograph of a city public-works engineer reviewing an infrastructure risk dashboard inside a daylit municipal operations office. A large display shows a district map color-coded by asset failure risk, with overlays for inspection history, open work orders, and weather exposure ranking which capital projects come first. A second screen shows a prioritized list of bridges, pipes, and roads. One figure stands at the display from behind, no face. Bright clear daylight through windows mixing with cool screen light. The atmosphere is confident, evidence-based planning. Shot on 50mm lens, f/2.8 aperture. Kodak Portra 800 film stock. Warm analog color palette, forest green (#0f4c3a) shadows, Safety Amber (#F4A261) on the highest-risk zones, Cyber Emerald (#00D1B2) on healthy assets. Fine organic film grain. Natural vignetting. Editorial documentary quality. The image feels like knowing exactly where to spend the budget. No typography, no logos, no words, no lettering of any kind, no identifiable human faces.","forest green (#0f4c3a) shadows; Safety Amber (#F4A261) high-risk zones; Cyber Emerald (#00D1B2) healthy assets","Risk map display dominant center-right; standing figure from behind left; second prioritization screen background"
Cities,Challenge Icon,Manual Cross-Agency Escalation,challenge-cities-escalation.png,400x400,"Minimal 3D abstract icon visualization. Central concept: a single incident alert trapped in a manual relay between disconnected city departments. Four separate isometric blocks float at different heights, each a distinct shade suggesting traffic, water, public safety, and environmental departments. A single glowing alert token tries to pass between them along broken, dotted relay lines that fade out before reaching the next block. The blocks do not share one surface. Empty space between them emphasizes the handoff failure. Clean isometric perspective on a transparent dark background of Rich Charcoal (#1A1A1A) deepening to Intelligence Navy (#0A1128). Warm analog aesthetic, minimal film grain, subtle vignetting. Editorial documentary quality. Safety Amber (#F4A261) on the stranded alert token, muted Cyber Emerald (#00D1B2) on the few intact link fragments, forest green (#0f4c3a) deep shadow. The image feels like a message lost between phone calls. No typography, no logos, no words, no lettering of any kind, no identifiable human faces.","Rich Charcoal (#1A1A1A) to Intelligence Navy (#0A1128) ground; Safety Amber (#F4A261) stranded alert; muted Cyber Emerald (#00D1B2) fragments","Four separated blocks in loose isometric ring; stranded alert token center; broken relay lines between"
Energy,Challenge Icon,Environmental and Regulatory Convergence,challenge-energy-regulatory.png,400x400,"Minimal 3D abstract icon visualization. Central concept: overlapping compliance obligations served by separate, unconnected tools. Three translucent isometric shield-and-document forms hover in partial overlap, each a slightly different shade representing a separate regulatory stream feeding a separate team. Where they should join into one audit trail, visible gaps and misaligned edges leave a void, and a thin amber fault line runs through the seam. No single base connects them. Clean isometric perspective on a transparent dark background of Rich Charcoal (#1A1A1A) deepening to Intelligence Navy (#0A1128). Warm analog aesthetic, minimal film grain, subtle vignetting. Editorial documentary quality. Safety Amber (#F4A261) on the gap and fault line, muted Cyber Emerald (#00D1B2) on the partial overlaps, forest green (#0f4c3a) deep shadow. The image feels like audit risk hiding between systems. No typography, no logos, no words, no lettering of any kind, no identifiable human faces.","Rich Charcoal (#1A1A1A) to Intelligence Navy (#0A1128) ground; Safety Amber (#F4A261) gap and fault line; muted Cyber Emerald (#00D1B2) overlaps","Three overlapping shield-document forms center; visible gap at the seam; fault line through the join"
Industrial,Featured Capability,Cross-Domain Correlation,cap-industrial-cross-domain.png,800x600,"Systems Shot: Cinematic documentary photograph of a digital twin operations dashboard room on a modern factory floor. Large displays show a 3D model of the production line with five data streams visibly converging into one view: maintenance, process parameters, quality, energy, and logistics, their relationships rendered as connecting lines across the model. A pattern emerges on the central display before any threshold alert fires. Two operators from behind monitor calmly, no faces. Cool overhead LED light mixing with screen glow and warm task lighting at the desks. The mood is precise and optimistic, intelligence ahead of failure. Shot on 50mm lens, f/2.8 aperture. Kodak Portra 800 film stock. Warm analog color palette, forest green (#0f4c3a) shadows, Cyber Emerald (#00D1B2) on active correlations across domains. Fine organic film grain. Natural vignetting. Editorial documentary quality. The image feels like seeing the pattern no single system could. No typography, no logos, no words, no lettering of any kind, no identifiable human faces.","forest green (#0f4c3a) shadows; Cyber Emerald (#00D1B2) cross-domain correlations","3D plant model with converging streams dominant center; operators from behind lower foreground; task lighting at desks"
Logistics,Featured Capability,Berth to Gate Coordination,cap-ports-coordination.png,800x600,"Systems Shot: Cinematic documentary photograph of a port operations coordination center overlooking a container terminal at dusk. Through floor-to-ceiling windows, two tall gantry cranes work stacked containers under amber and green work lights. Inside, displays show one shared picture across terminal operators, rail, and trucking: berth schedule, yard utilization, and inland gate status unified without forcing anyone into a single monolithic system. An operator stands at the console from behind, no face. Warm dusk light from the windows mixing with the cool glow of the displays. The mood is orchestrated, calm, optimistic. Shot on 50mm lens, f/2.8 aperture. Kodak Portra 800 film stock. Warm analog color palette, forest green (#0f4c3a) shadows, Safety Amber (#F4A261) on crane work lights, Cyber Emerald (#00D1B2) on active coordination links. Fine organic film grain. Natural vignetting. Editorial documentary quality. The image feels like the whole port moving as one. No typography, no logos, no words, no lettering of any kind, no identifiable human faces.","forest green (#0f4c3a) shadows; Safety Amber (#F4A261) crane lights; Cyber Emerald (#00D1B2) coordination links","Coordination displays left two-thirds; terminal and gantry cranes through windows right third; operator from behind center"
Logistics,Featured Capability,Maritime Domain Awareness,cap-ports-mda.png,800x600,"Systems Shot: Cinematic documentary photograph of a port maritime operations center monitoring the harbor approach. Multiple displays fuse AIS vessel tracks, coastal radar returns, and terminal data into one chart of the approaches and anchorage. One anomaly stands out, an unidentified contact without a transponder match, highlighted against the deep blue water chart for customs and security review. Through the windows, the actual harbor and arriving ships are visible at clear daylight. A figure stands at the window with the displays behind, no face. The mood is vigilant and capable. Shot on 50mm lens, f/2.8 aperture. Kodak Portra 800 film stock. Warm analog color palette, Intelligence Navy (#0A1128) in the water chart, Cyber Emerald (#00D1B2) on confirmed vessel tracks, Safety Amber (#F4A261) on the flagged anomaly, forest green (#0f4c3a) on coastal terrain. Fine organic film grain. Natural vignetting. Editorial documentary quality. The image feels like watching the whole harbor at once. No typography, no logos, no words, no lettering of any kind, no identifiable human faces.","Intelligence Navy (#0A1128) water chart; Cyber Emerald (#00D1B2) vessel tracks; Safety Amber (#F4A261) anomaly; forest green (#0f4c3a) coast","AIS and radar displays left two-thirds; harbor through windows right third; figure at window center-right"
Logistics,Challenge Icon,Multi-Actor Fragmentation,challenge-ports-fragmentation.png,400x400,"Minimal 3D abstract icon visualization. Central concept: a port ecosystem split across separate systems with conflicting data. Five distinct isometric blocks float independently, each a different shade representing vessels, terminals, trucking, customs, and security. Connection lines between them are broken or contradictory, two links pointing to mismatched states, none sharing a common surface. Empty space between the blocks emphasizes the fragmentation. Clean isometric perspective on a transparent dark background of Rich Charcoal (#1A1A1A) deepening to Intelligence Navy (#0A1128). Warm analog aesthetic, minimal film grain, subtle vignetting. Editorial documentary quality. Safety Amber (#F4A261) on the conflicting links, muted Cyber Emerald (#00D1B2) on the few intact fragments, forest green (#0f4c3a) deep shadow. The image feels like five systems telling five different stories. No typography, no logos, no words, no lettering of any kind, no identifiable human faces.","Rich Charcoal (#1A1A1A) to Intelligence Navy (#0A1128) ground; Safety Amber (#F4A261) conflicting links; muted Cyber Emerald (#00D1B2) fragments","Five separated blocks in loose isometric arrangement; broken and contradictory links between; no shared base"
Logistics,Challenge Icon,Cascading Delays,challenge-ports-delays.png,400x400,"Minimal 3D abstract icon visualization. Central concept: a minor berth delay cascading through the chain unseen. A sequence of isometric nodes steps downward like a falling line, the first node glowing amber as the delay, each following node tilting and dimming as the disruption propagates through yard utilization and inland logistics. The connecting line frays as it descends, and no single overarching frame contains the whole chain. Clean isometric perspective on a transparent dark background of Rich Charcoal (#1A1A1A) deepening to Intelligence Navy (#0A1128). Warm analog aesthetic, minimal film grain, subtle vignetting. Editorial documentary quality. Safety Amber (#F4A261) on the originating delayed node and the propagation, muted Cyber Emerald (#00D1B2) on the last still-stable node, forest green (#0f4c3a) deep shadow. The image feels like a small delay nobody caught in time. No typography, no logos, no words, no lettering of any kind, no identifiable human faces.","Rich Charcoal (#1A1A1A) to Intelligence Navy (#0A1128) ground; Safety Amber (#F4A261) delay and propagation; muted Cyber Emerald (#00D1B2) stable node","Descending stepped sequence of nodes; amber origin node top; fraying connecting line; no containing frame"
Environmental Governance,Solution Hero,Environmental Governance Hero,solution-environmental-governance.png,1920x1080,"Vantage Shot: Cinematic documentary photograph of an industrial facility instrumented for environmental governance at golden hour. In the foreground, emissions monitoring sensors on a stack, an air-quality station, and a water-quality probe at an outfall, each connected by visible conduit toward a small monitoring building. The middle ground shows the facility operating cleanly, the background opens to surrounding green landscape and a clear amber sky. The composition keeps the left third open and atmospheric for headline text, with the sensor infrastructure anchored right. Elevated 30-degree perspective revealing how the readings tie together from source to record. Golden hour light from the left, long warm shadows. The mood is transparent, accountable, optimistic. Shot on 35mm lens, f/4 aperture. Kodak Portra 800 film stock. Warm analog color palette, forest green (#0f4c3a) dominant in landscape and shadows, Cyber Emerald (#00D1B2) on sensor status and data conduit, Safety Amber (#F4A261) in the golden sky. Fine organic film grain. Natural vignetting. Editorial documentary quality. The image feels like every reading tracing cleanly from the sensor to the filing. No typography, no logos, no words, no lettering of any kind, no identifiable human faces.","forest green (#0f4c3a) dominant; Cyber Emerald (#00D1B2) sensor status; Safety Amber (#F4A261) golden sky","Left third open and atmospheric for headline; sensor infrastructure anchored foreground right; facility mid-ground; green landscape background"
Insights,Editorial,The 2026 ESG Reporting Cliff,insight-esg-reporting-cliff.png,1920x1080,"World Shot: Cinematic documentary photograph of an emerging-market industrial site instrumented for environmental disclosure at clear morning light. Emissions and air-quality monitoring stations stand in the foreground beside a processing facility, sensor enclosures and sampling lines visible, all feeding toward a small data cabinet. The middle ground shows the operating plant, the background opens to a developing-region skyline under bright clear sky. Composition divides foreground monitoring infrastructure from the facility beyond. Eye-level immersive perspective. Clear bright daylight, honest and transparent, soft long shadows. The mood is the quiet pressure of converging mandates met by real monitoring. Shot on 35mm lens, f/4 aperture. Kodak Portra 800 film stock. Warm analog color palette, forest green (#0f4c3a) shadows, Cyber Emerald (#00D1B2) on sensor status lights, Safety Amber (#F4A261) warm accents in the morning light. Fine organic film grain. Natural vignetting. Editorial documentary quality. The image feels like the moment the reporting requirement meets the sensor on the ground. No typography, no logos, no words, no lettering of any kind, no identifiable human faces.","forest green (#0f4c3a) shadows; Cyber Emerald (#00D1B2) sensor status; Safety Amber (#F4A261) morning light","Monitoring stations foreground; processing facility mid-ground; developing-region skyline background; eye-level"
Insights,Editorial,After the Spill,insight-after-the-spill.png,1920x1080,"Vantage Shot: Cinematic documentary photograph of a pipeline right-of-way crossing near a river in mountainous tropical terrain at golden hour. The pipeline corridor runs through green hillsides toward a small monitoring station with communications antennas, and environmental sensors are visible along the route near the waterway, leak-detection and ground-movement monitors watching the exact vulnerable points. The river runs clear in the middle distance. Elevated 30-degree perspective revealing the corridor and the watercourse together. Golden hour light, warm and long-shadowed, the landscape healthy and intact. The mood is vigilance and prevention, infrastructure being watched before anything goes wrong. Shot on 35mm lens, f/4 aperture. Kodak Portra 800 film stock. Warm analog color palette, forest green (#0f4c3a) dominant in vegetation, Cyber Emerald (#00D1B2) on sensor status, Safety Amber (#F4A261) in golden light on metal infrastructure. Fine organic film grain. Natural vignetting. Editorial documentary quality. The image feels like catching the vulnerability before the river pays for it. No typography, no logos, no words, no lettering of any kind, no identifiable human faces.","forest green (#0f4c3a) dominant; Cyber Emerald (#00D1B2) sensor status; Safety Amber (#F4A261) golden light","Pipeline corridor diagonal through green hillsides; monitoring station mid-ground; clear river middle distance; elevated"
Insights,Editorial,Beyond the Barrel,insight-beyond-the-barrel.png,1920x1080,"Vantage Shot: Cinematic documentary photograph of a blended energy operation where hydrocarbon and renewable infrastructure share one landscape at clear afternoon light. In the foreground, a row of containerized battery storage modules with cooling systems, in the middle ground a small set of wind turbines turning at grid scale, and in the background a compact processing facility with transmission lines tying it all together. Composition divides the renewable foreground from the legacy infrastructure beyond, both clearly part of one operation. Elevated 30-degree perspective revealing the orchestration. Clear bright daylight, optimistic and forward-looking, systems humming together. Shot on 35mm lens, f/4 aperture. Kodak Portra 800 film stock. Warm analog color palette, forest green (#0f4c3a) shadows, Cyber Emerald (#00D1B2) on status indicators and cable jackets, Safety Amber (#F4A261) warm daylight accents. Fine organic film grain. Natural vignetting. Editorial documentary quality. The image feels like one operator seeing both energy worlds at once. No typography, no logos, no words, no lettering of any kind, no identifiable human faces.","forest green (#0f4c3a) shadows; Cyber Emerald (#00D1B2) status and cables; Safety Amber (#F4A261) daylight accents","Battery storage foreground; wind turbines mid-ground; processing facility and transmission lines background; elevated"
Insights,Editorial,Carbon Markets Data Integrity,insight-carbon-markets-data-integrity.png,1920x1080,"Systems Shot: Cinematic documentary photograph of a digital MRV analysis workstation inside a conservation monitoring facility, with the monitored forest visible beyond. Large displays show satellite earth-observation imagery of tropical canopy beside ground-sensor readings, the two cross-checked into one verifiable record of carbon stock. On the desk, a handheld GPS unit and a field sensor sit beside the screens. Through a wide window, lush intact rainforest stretches under clear afternoon light, the actual carbon being measured. A figure stands at the window from behind, no face. Composition divides the analysis displays from the forest view. The mood is rigorous, trustworthy, evidence-based. Shot on 50mm lens, f/2.8 aperture. Kodak Portra 800 film stock. Warm analog color palette, forest green (#0f4c3a) dominant, Cyber Emerald (#00D1B2) on verified data points, Safety Amber (#F4A261) on flagged discrepancies. Fine organic film grain. Natural vignetting. Editorial documentary quality. The image feels like a carbon credit you can actually verify. No typography, no logos, no words, no lettering of any kind, no identifiable human faces.","forest green (#0f4c3a) dominant; Cyber Emerald (#00D1B2) verified data; Safety Amber (#F4A261) discrepancies","Satellite and sensor displays left two-thirds; intact rainforest through window right third; figure from behind"
Insights,Editorial,Three Compliance Streams One Data Problem,insight-three-compliance-streams.png,1920x1080,"Systems Shot: Cinematic documentary photograph of an energy operator integrated operations and compliance center. Wall displays show three obligations drawing from the same operational systems and converging into one governed model: pipeline safety telemetry, emissions monitoring, and ESG disclosure, each stream visibly flowing into a single shared data layer rather than three separate pipelines. Operators at curved desks monitor from behind, no faces. Cool overhead light mixing with warm task lighting and screen glow, a small window letting in natural morning light. The mood is orderly, resolved, the architectural choice already made. Shot on 50mm lens, f/2.8 aperture. Kodak Portra 800 film stock. Warm analog color palette, forest green (#0f4c3a) ambient shadows, Cyber Emerald (#00D1B2) on the three converging streams, Safety Amber (#F4A261) on alert states. Fine organic film grain. Natural vignetting. Editorial documentary quality. The image feels like three reports finally drawn from one source of truth. No typography, no logos, no words, no lettering of any kind, no identifiable human faces.","forest green (#0f4c3a) shadows; Cyber Emerald (#00D1B2) converging streams; Safety Amber (#F4A261) alert states","Three converging data streams on wall display center; operators from behind foreground; window light left"
